observation_date,CPIAUCSL,CPILFESL,yoyCPIAUCSL,yoyCPILFESL
1947-01-01,21.48,,,
1947-02-01,21.62,,,
1947-03-01,22,,,
1947-04-01,22,,,
1947-05-01,21.95,,,
1947-06-01,22.08,,,
1947-07-01,22.23,,,
1947-08-01,22.4,,,
1947-09-01,22.84,,,
1947-10-01,22.91,,,
1947-11-01,23.06,,,
1947-12-01,23.41,,,
1948-01-01,23.68,,0.1024208566,
1948-02-01,23.67,,0.09481961147,
1948-03-01,23.5,,0.06818181818,
1948-04-01,23.82,,0.08272727273,
1948-05-01,24.01,,0.09384965831,
1948-06-01,24.15,,0.09375,
1948-07-01,24.4,,0.09761583446,
1948-08-01,24.43,,0.090625,
1948-09-01,24.36,,0.06654991243,
1948-10-01,24.31,,0.06110868616,
1948-11-01,24.16,,0.04770164788,
1948-12-01,24.05,,0.02733874413,
1949-01-01,24.01,,0.01393581081,
1949-02-01,23.91,,0.01013941698,
1949-03-01,23.91,,0.01744680851,
1949-04-01,23.92,,0.004198152813,
1949-05-01,23.91,,-0.004164931279,
1949-06-01,23.92,,-0.009523809524,
1949-07-01,23.7,,-0.02868852459,
1949-08-01,23.7,,-0.02988129349,
1949-09-01,23.75,,-0.0250410509,
1949-10-01,23.67,,-0.02632661456,
1949-11-01,23.7,,-0.0190397351,
1949-12-01,23.61,,-0.0182952183,
1950-01-01,23.51,,-0.02082465639,
1950-02-01,23.61,,-0.01254705144,
1950-03-01,23.64,,-0.0112923463,
1950-04-01,23.65,,-0.01128762542,
1950-05-01,23.77,,-0.005855290673,
1950-06-01,23.88,,-0.001672240803,
1950-07-01,24.07,,0.01561181435,
1950-08-01,24.2,,0.02109704641,
1950-09-01,24.34,,0.02484210526,
1950-10-01,24.5,,0.03506548373,
1950-11-01,24.6,,0.03797468354,
1950-12-01,24.98,,0.05802626006,
1951-01-01,25.38,,0.07954062101,
1951-02-01,25.83,,0.09402795426,
1951-03-01,25.88,,0.09475465313,
1951-04-01,25.92,,0.09598308668,
1951-05-01,25.99,,0.09339503576,
1951-06-01,25.93,,0.08584589615,
1951-07-01,25.91,,0.07644370586,
1951-08-01,25.86,,0.06859504132,
1951-09-01,26.03,,0.06943303205,
1951-10-01,26.16,,0.06775510204,
1951-11-01,26.32,,0.06991869919,
1951-12-01,26.47,,0.05964771817,
1952-01-01,26.45,,0.04215918046,
1952-02-01,26.41,,0.02245451026,
1952-03-01,26.39,,0.01970633694,
1952-04-01,26.46,,0.02083333333,
1952-05-01,26.47,,0.01846864179,
1952-06-01,26.53,,0.02313922098,
1952-07-01,26.68,,0.0297182555,
1952-08-01,26.69,,0.03209590101,
1952-09-01,26.63,,0.02305032655,
1952-10-01,26.69,,0.02025993884,
1952-11-01,26.69,,0.01405775076,
1952-12-01,26.71,,0.009066868153,
1953-01-01,26.64,,0.007183364839,
1953-02-01,26.59,,0.006815600151,
1953-03-01,26.63,,0.009094353922,
1953-04-01,26.69,,0.008692365835,
1953-05-01,26.7,,0.00868908198,
1953-06-01,26.77,,0.009046362608,
1953-07-01,26.79,,0.004122938531,
1953-08-01,26.85,,0.00599475459,
1953-09-01,26.89,,0.009763424709,
1953-10-01,26.95,,0.009741476208,
1953-11-01,26.85,,0.00599475459,
1953-12-01,26.87,,0.005990265818,
1954-01-01,26.94,,0.01126126126,
1954-02-01,26.99,,0.01504324934,
1954-03-01,26.93,,0.01126549005,
1954-04-01,26.86,,0.006369426752,
1954-05-01,26.93,,0.00861423221,
1954-06-01,26.94,,0.00635039223,
1954-07-01,26.86,,0.002612915267,
1954-08-01,26.85,,0,
1954-09-01,26.81,,-0.002975083674,
1954-10-01,26.72,,-0.00853432282,
1954-11-01,26.78,,-0.00260707635,
1954-12-01,26.77,,-0.003721622627,
1955-01-01,26.77,,-0.006310319228,
1955-02-01,26.82,,-0.006298629122,
1955-03-01,26.79,,-0.005198663201,
1955-04-01,26.79,,-0.002606105733,
1955-05-01,26.77,,-0.005941329372,
1955-06-01,26.71,,-0.00853749072,
1955-07-01,26.76,,-0.003723008191,
1955-08-01,26.72,,-0.004841713222,
1955-09-01,26.85,,0.001491980604,
1955-10-01,26.82,,0.00374251497,
1955-11-01,26.88,,0.003734129948,
1955-12-01,26.87,,0.003735524841,
1956-01-01,26.83,,0.002241314905,
1956-02-01,26.86,,0.00149142431,
1956-03-01,26.89,,0.003732736096,
1956-04-01,26.93,,0.005225830534,
1956-05-01,27.03,,0.009712364587,
1956-06-01,27.15,,0.016473231,
1956-07-01,27.29,,0.01980568012,
1956-08-01,27.31,,0.02208083832,
1956-09-01,27.35,,0.01862197393,
1956-10-01,27.51,,0.02572706935,
1956-11-01,27.51,,0.0234375,
1956-12-01,27.63,,0.02828433197,
1957-01-01,27.67,28.5,0.03130823705,
1957-02-01,27.8,28.6,0.03499627699,
1957-03-01,27.86,28.7,0.03607288955,
1957-04-01,27.93,28.8,0.03713330858,
1957-05-01,28,28.8,0.03588605253,
1957-06-01,28.11,28.9,0.03535911602,
1957-07-01,28.19,29,0.03297911323,
1957-08-01,28.28,29,0.03551812523,
1957-09-01,28.32,29.1,0.03546617916,
1957-10-01,28.32,29.2,0.0294438386,
1957-11-01,28.41,29.3,0.03271537623,
1957-12-01,28.47,29.3,0.03040173724,
1958-01-01,28.64,29.3,0.03505601735,0.02807017544
1958-02-01,28.7,29.4,0.03237410072,0.02797202797
1958-03-01,28.87,29.5,0.03625269203,0.02787456446
1958-04-01,28.94,29.5,0.03616183315,0.02430555556
1958-05-01,28.94,29.5,0.03357142857,0.02430555556
1958-06-01,28.91,29.6,0.02845962291,0.02422145329
1958-07-01,28.89,29.6,0.02483150053,0.02068965517
1958-08-01,28.94,29.6,0.02333804809,0.02068965517
1958-09-01,28.91,29.7,0.02083333333,0.0206185567
1958-10-01,28.91,29.7,0.02083333333,0.01712328767
1958-11-01,28.95,29.8,0.01900739176,0.01706484642
1958-12-01,28.97,29.9,0.01756234633,0.0204778157
1959-01-01,29.01,29.9,0.01291899441,0.0204778157
1959-02-01,29,29.9,0.01045296167,0.01700680272
1959-03-01,28.97,30,0.003463803256,0.01694915254
1959-04-01,28.98,30,0.001382170007,0.01694915254
1959-05-01,29.04,30.1,0.003455425017,0.02033898305
1959-06-01,29.11,30.2,0.006918021446,0.02027027027
1959-07-01,29.15,30.2,0.008999653859,0.02027027027
1959-08-01,29.18,30.2,0.008293020041,0.02027027027
1959-09-01,29.25,30.3,0.01176063646,0.0202020202
1959-10-01,29.35,30.4,0.01521964718,0.02356902357
1959-11-01,29.35,30.4,0.01381692573,0.02013422819
1959-12-01,29.41,30.5,0.01518812565,0.02006688963
1960-01-01,29.37,30.5,0.01240951396,0.02006688963
1960-02-01,29.41,30.6,0.01413793103,0.02341137124
1960-03-01,29.41,30.6,0.01518812565,0.02
1960-04-01,29.54,30.6,0.0193236715,0.02
1960-05-01,29.57,30.6,0.01825068871,0.01661129568
1960-06-01,29.61,30.7,0.0171762281,0.01655629139
1960-07-01,29.55,30.6,0.01372212693,0.01324503311
1960-08-01,29.61,30.6,0.01473612063,0.01324503311
1960-09-01,29.61,30.6,0.01230769231,0.009900990099
1960-10-01,29.75,30.8,0.0136286201,0.01315789474
1960-11-01,29.78,30.8,0.01465076661,0.01315789474
1960-12-01,29.81,30.7,0.01360081605,0.006557377049
1961-01-01,29.84,30.8,0.01600272387,0.009836065574
1961-02-01,29.84,30.8,0.01462087725,0.006535947712
1961-03-01,29.84,30.9,0.01462087725,0.009803921569
1961-04-01,29.81,30.9,0.009140148951,0.009803921569
1961-05-01,29.84,30.9,0.009130875888,0.009803921569
1961-06-01,29.84,31,0.007767646066,0.009771986971
1961-07-01,29.92,31,0.01252115059,0.01307189542
1961-08-01,29.94,31.1,0.01114488349,0.01633986928
1961-09-01,29.98,31.1,0.01249577845,0.01633986928
1961-10-01,29.98,31.1,0.007731092437,0.00974025974
1961-11-01,29.98,31.2,0.006715916723,0.01298701299
1961-12-01,30.01,31.2,0.006709158001,0.01628664495
1962-01-01,30.04,31.2,0.006702412869,0.01298701299
1962-02-01,30.11,31.2,0.009048257373,0.01298701299
1962-03-01,30.17,31.3,0.01105898123,0.01294498382
1962-04-01,30.21,31.3,0.013418316,0.01294498382
1962-05-01,30.24,31.4,0.01340482574,0.01618122977
1962-06-01,30.21,31.4,0.01239946381,0.01290322581
1962-07-01,30.22,31.4,0.01002673797,0.01290322581
1962-08-01,30.28,31.5,0.01135604542,0.01286173633
1962-09-01,30.42,31.5,0.01467645097,0.01286173633
1962-10-01,30.38,31.5,0.01334222815,0.01286173633
1962-11-01,30.38,31.5,0.01334222815,0.009615384615
1962-12-01,30.38,31.6,0.01232922359,0.01282051282
1963-01-01,30.44,31.5,0.01331557923,0.009615384615
1963-02-01,30.48,31.6,0.01228827632,0.01282051282
1963-03-01,30.51,31.7,0.01126947299,0.01277955272
1963-04-01,30.48,31.7,0.008937437934,0.01277955272
1963-05-01,30.51,31.7,0.008928571429,0.009554140127
1963-06-01,30.61,31.8,0.01324064879,0.0127388535
1963-07-01,30.69,31.8,0.01555261416,0.0127388535
1963-08-01,30.75,31.9,0.01552179657,0.0126984127
1963-09-01,30.72,31.9,0.009861932939,0.0126984127
1963-10-01,30.75,32,0.01217906517,0.01587301587
1963-11-01,30.78,32,0.01316655695,0.01587301587
1963-12-01,30.88,32.1,0.01645819618,0.01582278481
1964-01-01,30.94,32.2,0.01642575558,0.02222222222
1964-02-01,30.91,32.2,0.01410761155,0.01898734177
1964-03-01,30.94,32.2,0.01409373976,0.01577287066
1964-04-01,30.95,32.2,0.01541994751,0.01577287066
1964-05-01,30.98,32.2,0.01540478532,0.01577287066
1964-06-01,31.01,32.3,0.01306762496,0.01572327044
1964-07-01,31.02,32.3,0.01075268817,0.01572327044
1964-08-01,31.05,32.3,0.009756097561,0.01253918495
1964-09-01,31.08,32.3,0.01171875,0.01253918495
1964-10-01,31.12,32.4,0.01203252033,0.0125
1964-11-01,31.21,32.5,0.01397011046,0.015625
1964-12-01,31.25,32.5,0.01198186528,0.01246105919
1965-01-01,31.28,32.6,0.01098901099,0.01242236025
1965-02-01,31.28,32.6,0.01197023617,0.01242236025
1965-03-01,31.31,32.6,0.01195862961,0.01242236025
1965-04-01,31.38,32.7,0.01389337641,0.01552795031
1965-05-01,31.48,32.7,0.0161394448,0.01552795031
1965-06-01,31.61,32.7,0.01934859723,0.01238390093
1965-07-01,31.58,32.7,0.01805286912,0.01238390093
1965-08-01,31.55,32.7,0.01610305958,0.01238390093
1965-09-01,31.62,32.8,0.01737451737,0.01547987616
1965-10-01,31.65,32.8,0.01703084833,0.01234567901
1965-11-01,31.75,32.9,0.01730214675,0.01230769231
1965-12-01,31.85,33,0.0192,0.01538461538
1966-01-01,31.88,33,0.01918158568,0.01226993865
1966-02-01,32.08,33.1,0.02557544757,0.01533742331
1966-03-01,32.18,33.1,0.02778664963,0.01533742331
1966-04-01,32.28,33.3,0.02868068834,0.01834862385
1966-05-01,32.35,33.4,0.02763659466,0.02140672783
1966-06-01,32.38,33.5,0.02435937994,0.0244648318
1966-07-01,32.45,33.6,0.0275490817,0.02752293578
1966-08-01,32.65,33.7,0.03486529319,0.03058103976
1966-09-01,32.75,33.8,0.0357368754,0.03048780488
1966-10-01,32.85,34,0.03791469194,0.03658536585
1966-11-01,32.88,34,0.03559055118,0.03343465046
1966-12-01,32.92,34.1,0.03359497645,0.03333333333
1967-01-01,32.9,34.2,0.03199498118,0.03636363636
1967-02-01,33,34.2,0.02867830424,0.0332326284
1967-03-01,33,34.3,0.02548166563,0.03625377644
1967-04-01,33.1,34.4,0.02540272615,0.03303303303
1967-05-01,33.1,34.5,0.02318392581,0.03293413174
1967-06-01,33.3,34.6,0.02841260037,0.0328358209
1967-07-01,33.4,34.7,0.02927580894,0.03273809524
1967-08-01,33.5,34.9,0.02603369066,0.03560830861
1967-09-01,33.6,35,0.02595419847,0.03550295858
1967-10-01,33.7,35.1,0.02587519026,0.03235294118
1967-11-01,33.9,35.2,0.03102189781,0.03529411765
1967-12-01,34,35.4,0.03280680437,0.03812316716
1968-01-01,34.1,35.5,0.03647416413,0.03801169591
1968-02-01,34.2,35.7,0.03636363636,0.04385964912
1968-03-01,34.3,35.8,0.03939393939,0.04373177843
1968-04-01,34.4,35.9,0.03927492447,0.04360465116
1968-05-01,34.5,36,0.04229607251,0.04347826087
1968-06-01,34.7,36.2,0.04204204204,0.04624277457
1968-07-01,34.9,36.4,0.04491017964,0.04899135447
1968-08-01,35,36.5,0.0447761194,0.04584527221
1968-09-01,35.1,36.7,0.04464285714,0.04857142857
1968-10-01,35.3,36.9,0.04747774481,0.05128205128
1968-11-01,35.4,37.1,0.04424778761,0.05397727273
1968-12-01,35.6,37.2,0.04705882353,0.05084745763
1969-01-01,35.7,37.3,0.04692082111,0.05070422535
1969-02-01,35.8,37.6,0.04678362573,0.05322128852
1969-03-01,36.1,37.8,0.05247813411,0.05586592179
1969-04-01,36.3,38.1,0.05523255814,0.06128133705
1969-05-01,36.4,38.1,0.05507246377,0.05833333333
1969-06-01,36.6,38.3,0.05475504323,0.05801104972
1969-07-01,36.8,38.5,0.05444126074,0.05769230769
1969-08-01,36.9,38.7,0.05428571429,0.0602739726
1969-09-01,37.1,38.9,0.05698005698,0.05994550409
1969-10-01,37.3,39.1,0.0566572238,0.05962059621
1969-11-01,37.5,39.2,0.0593220339,0.05660377358
1969-12-01,37.7,39.4,0.05898876404,0.05913978495
1970-01-01,37.9,39.6,0.06162464986,0.06166219839
1970-02-01,38.1,39.8,0.06424581006,0.0585106383
1970-03-01,38.3,40.1,0.06094182825,0.06084656085
1970-04-01,38.5,40.4,0.06060606061,0.06036745407
1970-05-01,38.6,40.5,0.06043956044,0.06299212598
1970-06-01,38.8,40.8,0.06010928962,0.06527415144
1970-07-01,38.9,40.9,0.05706521739,0.06233766234
1970-08-01,39,41.1,0.05691056911,0.06201550388
1970-09-01,39.2,41.3,0.05660377358,0.0616966581
1970-10-01,39.4,41.5,0.0563002681,0.06138107417
1970-11-01,39.6,41.8,0.056,0.06632653061
1970-12-01,39.8,42,0.05570291777,0.06598984772
1971-01-01,39.9,42.1,0.05277044855,0.06313131313
1971-02-01,39.9,42.2,0.04724409449,0.06030150754
1971-03-01,40,42.2,0.04438642298,0.05236907731
1971-04-01,40.1,42.4,0.04155844156,0.0495049505
1971-05-01,40.3,42.6,0.04404145078,0.05185185185
1971-06-01,40.5,42.8,0.04381443299,0.04901960784
1971-07-01,40.6,42.9,0.04370179949,0.0488997555
1971-08-01,40.7,43,0.04358974359,0.04622871046
1971-09-01,40.8,43,0.04081632653,0.0411622276
1971-10-01,40.9,43.1,0.03807106599,0.03855421687
1971-11-01,41,43.2,0.03535353535,0.03349282297
1971-12-01,41.1,43.3,0.03266331658,0.03095238095
1972-01-01,41.2,43.5,0.03258145363,0.03325415677
1972-02-01,41.4,43.6,0.03759398496,0.03317535545
1972-03-01,41.4,43.6,0.035,0.03317535545
1972-04-01,41.5,43.8,0.0349127182,0.03301886792
1972-05-01,41.6,43.9,0.03225806452,0.03051643192
1972-06-01,41.7,44,0.02962962963,0.02803738318
1972-07-01,41.8,44.1,0.02955665025,0.02797202797
1972-08-01,41.9,44.3,0.02948402948,0.03023255814
1972-09-01,42.1,44.3,0.0318627451,0.03023255814
1972-10-01,42.2,44.4,0.03178484108,0.03016241299
1972-11-01,42.4,44.4,0.03414634146,0.02777777778
1972-12-01,42.5,44.6,0.03406326034,0.03002309469
1973-01-01,42.7,44.6,0.03640776699,0.02528735632
1973-02-01,43,44.8,0.038647343,0.02752293578
1973-03-01,43.4,45,0.04830917874,0.03211009174
1973-04-01,43.7,45.1,0.05301204819,0.0296803653
1973-05-01,43.9,45.3,0.05528846154,0.03189066059
1973-06-01,44.2,45.4,0.05995203837,0.03181818182
1973-07-01,44.2,45.5,0.05741626794,0.03174603175
1973-08-01,45,45.7,0.07398568019,0.0316027088
1973-09-01,45.2,46,0.07363420428,0.03837471783
1973-10-01,45.6,46.3,0.08056872038,0.04279279279
1973-11-01,45.9,46.5,0.08254716981,0.0472972973
1973-12-01,46.3,46.7,0.08941176471,0.04708520179
1974-01-01,46.8,46.9,0.09601873536,0.05156950673
1974-02-01,47.3,47.2,0.1,0.05357142857
1974-03-01,47.8,47.6,0.1013824885,0.05777777778
1974-04-01,48.1,47.9,0.1006864989,0.06208425721
1974-05-01,48.6,48.5,0.1070615034,0.0706401766
1974-06-01,49,49,0.1085972851,0.07929515419
1974-07-01,49.3,49.5,0.1153846154,0.08791208791
1974-08-01,49.9,50.2,0.1088888889,0.09846827133
1974-09-01,50.6,50.7,0.1194690265,0.102173913
1974-10-01,51,51.2,0.1184210526,0.1058315335
1974-11-01,51.5,51.6,0.1220043573,0.1096774194
1974-12-01,51.9,52,0.120950324,0.113490364
1975-01-01,52.3,52.3,0.1175213675,0.1151385928
1975-02-01,52.6,52.8,0.11205074,0.1186440678
1975-03-01,52.8,53,0.1046025105,0.1134453782
1975-04-01,53,53.3,0.1018711019,0.1127348643
1975-05-01,53.1,53.5,0.09259259259,0.1030927835
1975-06-01,53.5,53.8,0.09183673469,0.09795918367
1975-07-01,54,54,0.0953346856,0.09090909091
1975-08-01,54.2,54.2,0.08617234469,0.0796812749
1975-09-01,54.6,54.5,0.0790513834,0.07495069034
1975-10-01,54.9,54.8,0.07647058824,0.0703125
1975-11-01,55.3,55.2,0.07378640777,0.06976744186
1975-12-01,55.6,55.5,0.07129094412,0.06730769231
1976-01-01,55.8,55.9,0.06692160612,0.06883365201
1976-02-01,55.9,56.2,0.06273764259,0.06439393939
1976-03-01,56,56.5,0.06060606061,0.06603773585
1976-04-01,56.1,56.7,0.05849056604,0.06378986867
1976-05-01,56.4,57,0.06214689266,0.06542056075
1976-06-01,56.7,57.2,0.05981308411,0.06319702602
1976-07-01,57,57.6,0.05555555556,0.06666666667
1976-08-01,57.3,57.9,0.05719557196,0.06826568266
1976-09-01,57.6,58.2,0.05494505495,0.06788990826
1976-10-01,57.9,58.5,0.05464480874,0.06751824818
1976-11-01,58.1,58.7,0.05063291139,0.0634057971
1976-12-01,58.4,58.9,0.05035971223,0.06126126126
1977-01-01,58.7,59.3,0.05197132616,0.06082289803
1977-02-01,59.3,59.7,0.06082289803,0.06227758007
1977-03-01,59.6,60,0.06428571429,0.06194690265
1977-04-01,60,60.3,0.06951871658,0.06349206349
1977-05-01,60.2,60.6,0.06737588652,0.06315789474
1977-06-01,60.5,61,0.06701940035,0.06643356643
1977-07-01,60.8,61.2,0.06666666667,0.0625
1977-08-01,61.1,61.5,0.06631762653,0.0621761658
1977-09-01,61.3,61.8,0.06423611111,0.0618556701
1977-10-01,61.6,62,0.06390328152,0.05982905983
1977-11-01,62,62.3,0.06712564544,0.06132879046
1977-12-01,62.3,62.7,0.06678082192,0.06451612903
1978-01-01,62.7,63.1,0.06814310051,0.06408094435
1978-02-01,63,63.4,0.06239460371,0.06197654941
1978-03-01,63.4,63.8,0.06375838926,0.06333333333
1978-04-01,63.9,64.3,0.065,0.06633499171
1978-05-01,64.5,64.7,0.07142857143,0.06765676568
1978-06-01,65,65.2,0.07438016529,0.06885245902
1978-07-01,65.5,65.6,0.07730263158,0.07189542484
1978-08-01,65.9,66.1,0.07855973813,0.07479674797
1978-09-01,66.5,66.7,0.08482871126,0.07928802589
1978-10-01,67.1,67.2,0.08928571429,0.08387096774
1978-11-01,67.5,67.6,0.08870967742,0.08507223114
1978-12-01,67.9,68,0.08988764045,0.08452950558
1979-01-01,68.5,68.5,0.09250398724,0.08557844691
1979-02-01,69.2,69.2,0.09841269841,0.09148264984
1979-03-01,69.9,69.8,0.1025236593,0.09404388715
1979-04-01,70.6,70.3,0.1048513302,0.0933125972
1979-05-01,71.4,70.8,0.1069767442,0.0942812983
1979-06-01,72.2,71.3,0.1107692308,0.09355828221
1979-07-01,73,71.9,0.1145038168,0.09603658537
1979-08-01,73.7,72.7,0.1183611533,0.09984871407
1979-09-01,74.4,73.3,0.1187969925,0.09895052474
1979-10-01,75.2,74,0.1207153502,0.1011904762
1979-11-01,76,74.8,0.1259259259,0.1065088757
1979-12-01,76.9,75.7,0.1325478645,0.1132352941
1980-01-01,78,76.7,0.1386861314,0.1197080292
1980-02-01,79,77.5,0.1416184971,0.1199421965
1980-03-01,80.1,78.6,0.1459227468,0.1260744986
1980-04-01,80.9,79.5,0.1458923513,0.1308677098
1980-05-01,81.7,80.1,0.1442577031,0.1313559322
1980-06-01,82.5,81,0.1426592798,0.1360448808
1980-07-01,82.6,80.8,0.1315068493,0.123783032
1980-08-01,83.2,81.3,0.1289009498,0.1182943604
1980-09-01,83.9,82.1,0.127688172,0.1200545703
1980-10-01,84.7,83,0.1263297872,0.1216216216
1980-11-01,85.6,83.9,0.1263157895,0.121657754
1980-12-01,86.4,84.9,0.1235370611,0.1215323646
1981-01-01,87.2,85.4,0.1179487179,0.1134289439
1981-02-01,88,85.9,0.1139240506,0.1083870968
1981-03-01,88.6,86.4,0.1061173533,0.09923664122
1981-04-01,89.1,87,0.1013597033,0.09433962264
1981-05-01,89.7,87.8,0.09791921665,0.0961298377
1981-06-01,90.5,88.6,0.09696969697,0.09382716049
1981-07-01,91.5,89.8,0.107748184,0.1113861386
1981-08-01,92.2,90.7,0.1081730769,0.1156211562
1981-09-01,93.1,91.8,0.1096543504,0.1181485993
1981-10-01,93.4,92.1,0.1027154664,0.1096385542
1981-11-01,93.8,92.5,0.09579439252,0.1025029797
1981-12-01,94.1,93,0.08912037037,0.09540636042
1982-01-01,94.4,93.3,0.08256880734,0.0925058548
1982-02-01,94.7,93.8,0.07613636364,0.09196740396
1982-03-01,94.7,93.9,0.06884875847,0.08680555556
1982-04-01,95,94.7,0.06621773288,0.08850574713
1982-05-01,95.9,95.4,0.06911928651,0.08656036446
1982-06-01,97,96.1,0.07182320442,0.08465011287
1982-07-01,97.5,96.7,0.06557377049,0.07683741648
1982-08-01,97.7,97.1,0.05965292842,0.07056229327
1982-09-01,97.7,97.2,0.04940923738,0.05882352941
1982-10-01,98.1,97.5,0.05032119914,0.05863192182
1982-11-01,98,97.3,0.0447761194,0.05189189189
1982-12-01,97.7,97.2,0.03825717322,0.04516129032
1983-01-01,97.9,97.6,0.03707627119,0.04608788853
1983-02-01,98,98,0.0348468849,0.0447761194
1983-03-01,98.1,98.2,0.03590285111,0.04579339723
1983-04-01,98.8,98.6,0.04,0.04118268215
1983-05-01,99.2,98.9,0.03441084463,0.03668763103
1983-06-01,99.4,99.2,0.02474226804,0.03225806452
1983-07-01,99.8,99.8,0.02358974359,0.03205791107
1983-08-01,100.1,100.1,0.02456499488,0.03089598352
1983-09-01,100.4,100.5,0.02763561924,0.03395061728
1983-10-01,100.8,101,0.02752293578,0.0358974359
1983-11-01,101.1,101.5,0.03163265306,0.04316546763
1983-12-01,101.4,101.8,0.03787103378,0.04732510288
1984-01-01,102.1,102.5,0.04290091931,0.05020491803
1984-02-01,102.6,102.8,0.04693877551,0.04897959184
1984-03-01,102.9,103.2,0.04892966361,0.05091649695
1984-04-01,103.3,103.7,0.0455465587,0.05172413793
1984-05-01,103.5,104.1,0.04334677419,0.05257836198
1984-06-01,103.7,104.5,0.04325955734,0.05342741935
1984-07-01,104.1,105,0.04308617234,0.05210420842
1984-08-01,104.4,105.4,0.04295704296,0.05294705295
1984-09-01,104.7,105.8,0.04282868526,0.05273631841
1984-10-01,105.1,106.2,0.04265873016,0.05148514851
1984-11-01,105.3,106.4,0.04154302671,0.04827586207
1984-12-01,105.5,106.8,0.04043392505,0.04911591356
1985-01-01,105.7,107.1,0.03525954946,0.04487804878
1985-02-01,106.3,107.7,0.03606237817,0.04766536965
1985-03-01,106.8,108.1,0.03790087464,0.04748062016
1985-04-01,107,108.4,0.03581800581,0.04532304725
1985-05-01,107.2,108.8,0.03574879227,0.04514889529
1985-06-01,107.5,109.1,0.03664416586,0.04401913876
1985-07-01,107.7,109.4,0.03458213256,0.0419047619
1985-08-01,107.9,109.8,0.03352490421,0.04174573055
1985-09-01,108.1,110,0.03247373448,0.03969754253
1985-10-01,108.5,110.5,0.03235014272,0.04048964218
1985-11-01,109,111.1,0.0351377018,0.04417293233
1985-12-01,109.5,111.4,0.03791469194,0.04307116105
1986-01-01,109.9,111.9,0.03973509934,0.04481792717
1986-02-01,109.7,112.2,0.03198494826,0.04178272981
1986-03-01,109.1,112.5,0.02153558052,0.04070305273
1986-04-01,108.7,112.9,0.01588785047,0.04151291513
1986-05-01,109,113.1,0.01679104478,0.03952205882
1986-06-01,109.4,113.4,0.0176744186,0.03941338222
1986-07-01,109.5,113.8,0.01671309192,0.04021937843
1986-08-01,109.6,114.2,0.01575532901,0.04007285974
1986-09-01,110,114.6,0.01757631822,0.04181818182
1986-10-01,110.2,115,0.01566820276,0.0407239819
1986-11-01,110.4,115.3,0.0128440367,0.03780378038
1986-12-01,110.8,115.6,0.01187214612,0.03770197487
1987-01-01,111.4,115.9,0.01364877161,0.03574620197
1987-02-01,111.8,116.2,0.01914311759,0.03565062389
1987-03-01,112.2,116.6,0.02841429881,0.03644444444
1987-04-01,112.7,117.3,0.03679852806,0.03897254207
1987-05-01,113,117.7,0.03669724771,0.04067197171
1987-06-01,113.5,117.9,0.03747714808,0.03968253968
1987-07-01,113.8,118.3,0.03926940639,0.039543058
1987-08-01,114.3,118.7,0.04288321168,0.03940455342
1987-09-01,114.7,119.2,0.04272727273,0.04013961606
1987-10-01,115,119.8,0.04355716878,0.04173913043
1987-11-01,115.4,120.1,0.04528985507,0.04163052905
1987-12-01,115.6,120.4,0.04332129964,0.04152249135
1988-01-01,116,120.9,0.04129263914,0.04314063848
1988-02-01,116.2,121.2,0.03935599284,0.0430292599
1988-03-01,116.5,121.7,0.03832442068,0.04373927959
1988-04-01,117.2,122.3,0.03992901508,0.04262574595
1988-05-01,117.5,122.7,0.03982300885,0.0424808836
1988-06-01,118,123.2,0.03964757709,0.0449533503
1988-07-01,118.5,123.6,0.04130052724,0.04480135249
1988-08-01,119,124,0.04111986002,0.04465037911
1988-09-01,119.5,124.7,0.04184829991,0.0461409396
1988-10-01,119.9,125.2,0.04260869565,0.04507512521
1988-11-01,120.3,125.6,0.0424610052,0.04579517069
1988-12-01,120.7,126,0.04411764706,0.04651162791
1989-01-01,121.2,126.5,0.04482758621,0.04631927213
1989-02-01,121.6,126.9,0.04647160069,0.04702970297
1989-03-01,122.2,127.4,0.04892703863,0.04683648316
1989-04-01,123.1,127.8,0.05034129693,0.04497138185
1989-05-01,123.7,128.3,0.05276595745,0.0456397718
1989-06-01,124.1,128.8,0.05169491525,0.04545454545
1989-07-01,124.5,129.2,0.05063291139,0.04530744337
1989-08-01,124.5,129.5,0.04621848739,0.04435483871
1989-09-01,124.8,129.9,0.04435146444,0.04170008019
1989-10-01,125.4,130.6,0.04587155963,0.04313099042
1989-11-01,125.9,131.1,0.04655029094,0.04378980892
1989-12-01,126.3,131.6,0.0463960232,0.04444444444
1990-01-01,127.5,132.1,0.05198019802,0.0442687747
1990-02-01,128,132.7,0.05263157895,0.04570527975
1990-03-01,128.6,133.5,0.05237315876,0.04788069074
1990-04-01,128.9,134,0.04711616572,0.04851330203
1990-05-01,129.1,134.4,0.04365400162,0.04754481684
1990-06-01,129.9,135.1,0.04673650282,0.04891304348
1990-07-01,130.5,135.8,0.04819277108,0.05108359133
1990-08-01,131.6,136.6,0.05702811245,0.05482625483
1990-09-01,132.5,137.1,0.06169871795,0.05542725173
1990-10-01,133.4,137.6,0.06379585327,0.05359877489
1990-11-01,133.7,138,0.06195393169,0.05263157895
1990-12-01,134.2,138.6,0.06254948535,0.05319148936
1991-01-01,134.7,139.5,0.05647058824,0.05601816805
1991-02-01,134.8,140.2,0.053125,0.0565184627
1991-03-01,134.8,140.5,0.04821150855,0.05243445693
1991-04-01,135.1,140.9,0.04809930178,0.05149253731
1991-05-01,135.6,141.3,0.050348567,0.05133928571
1991-06-01,136,141.8,0.04695919938,0.04959289415
1991-07-01,136.2,142.3,0.04367816092,0.04786450663
1991-08-01,136.6,142.9,0.03799392097,0.04612005857
1991-09-01,137,143.4,0.03396226415,0.04595185996
1991-10-01,137.2,143.7,0.02848575712,0.04433139535
1991-11-01,137.8,144.2,0.03066566941,0.04492753623
1991-12-01,138.2,144.7,0.02980625931,0.04401154401
1992-01-01,138.3,145.1,0.02672605791,0.04014336918
1992-02-01,138.6,145.4,0.02818991098,0.03708987161
1992-03-01,139.1,145.9,0.03189910979,0.0384341637
1992-04-01,139.4,146.3,0.03182827535,0.03832505323
1992-05-01,139.7,146.8,0.0302359882,0.03892427459
1992-06-01,140.1,147.1,0.03014705882,0.03737658674
1992-07-01,140.5,147.6,0.0315712188,0.0372452565
1992-08-01,140.8,147.9,0.03074670571,0.03498950315
1992-09-01,141.1,148.1,0.0299270073,0.03277545328
1992-10-01,141.7,148.8,0.03279883382,0.03549060543
1992-11-01,142.1,149.2,0.03120464441,0.0346740638
1992-12-01,142.3,149.6,0.02966714906,0.03386316517
1993-01-01,142.8,150.1,0.03253796095,0.0344589938
1993-02-01,143.1,150.6,0.03246753247,0.03576341128
1993-03-01,143.3,150.8,0.03019410496,0.03358464702
1993-04-01,143.8,151.4,0.03156384505,0.03485987697
1993-05-01,144.2,151.8,0.03221188261,0.0340599455
1993-06-01,144.3,152.1,0.02997858672,0.03399048266
1993-07-01,144.5,152.3,0.02846975089,0.03184281843
1993-08-01,144.8,152.8,0.02840909091,0.03313049358
1993-09-01,145,152.9,0.02763997165,0.03241053342
1993-10-01,145.6,153.4,0.02752293578,0.03091397849
1993-11-01,146,153.9,0.02744546094,0.03150134048
1993-12-01,146.3,154.3,0.02810962755,0.0314171123
1994-01-01,146.3,154.5,0.02450980392,0.02931379081
1994-02-01,146.7,154.8,0.0251572327,0.02788844622
1994-03-01,147.1,155.3,0.02651779484,0.02984084881
1994-04-01,147.2,155.5,0.02364394993,0.02708058124
1994-05-01,147.5,155.9,0.02288488211,0.02700922266
1994-06-01,147.9,156.4,0.02494802495,0.02827087442
1994-07-01,148.4,156.7,0.02698961938,0.028890348
1994-08-01,149,157.1,0.02900552486,0.02814136126
1994-09-01,149.3,157.5,0.02965517241,0.03008502289
1994-10-01,149.4,157.8,0.0260989011,0.02868318123
1994-11-01,149.8,158.2,0.02602739726,0.02794022092
1994-12-01,150.1,158.3,0.02597402597,0.0259235256
1995-01-01,150.5,159,0.02870813397,0.02912621359
1995-02-01,150.9,159.4,0.02862985685,0.02971576227
1995-03-01,151.2,159.9,0.02787219579,0.02962009015
1995-04-01,151.8,160.4,0.03125,0.03151125402
1995-05-01,152.1,160.7,0.03118644068,0.03078896729
1995-06-01,152.4,161.1,0.03042596349,0.0300511509
1995-07-01,152.6,161.4,0.02830188679,0.02999361838
1995-08-01,152.9,161.8,0.02617449664,0.02991725016
1995-09-01,153.1,162.2,0.02545210985,0.02984126984
1995-10-01,153.5,162.7,0.02744310576,0.03105196451
1995-11-01,153.7,163,0.02603471295,0.03034134008
1995-12-01,153.9,163.1,0.0253164557,0.03032217309
1996-01-01,154.7,163.7,0.02790697674,0.02955974843
1996-02-01,155,164,0.02717031146,0.02885821832
1996-03-01,155.5,164.4,0.02843915344,0.02814258912
1996-04-01,156.1,164.6,0.02832674572,0.02618453865
1996-05-01,156.4,165,0.02827087442,0.02675793404
1996-06-01,156.7,165.4,0.0282152231,0.02669149597
1996-07-01,157,165.7,0.02883355177,0.02664188352
1996-08-01,157.2,166,0.02812295618,0.02595797281
1996-09-01,157.7,166.5,0.03004572175,0.02651048089
1996-10-01,158.2,166.8,0.03061889251,0.02519975415
1996-11-01,158.7,167.2,0.03253090436,0.02576687117
1996-12-01,159.1,167.4,0.03378817414,0.02636419375
1997-01-01,159.4,167.8,0.03038138332,0.02504581552
1997-02-01,159.7,168.1,0.03032258065,0.025
1997-03-01,159.8,168.4,0.02765273312,0.02433090024
1997-04-01,159.9,168.9,0.02434336963,0.02612393682
1997-05-01,159.9,169.2,0.02237851662,0.02545454545
1997-06-01,160.2,169.4,0.02233567326,0.02418379686
1997-07-01,160.4,169.7,0.02165605096,0.02414001207
1997-08-01,160.8,169.8,0.02290076336,0.02289156627
1997-09-01,161.2,170.2,0.02219403932,0.02222222222
1997-10-01,161.5,170.6,0.0208596713,0.02278177458
1997-11-01,161.7,170.8,0.01890359168,0.02153110048
1997-12-01,161.8,171.2,0.01697045883,0.02270011947
1998-01-01,162,171.6,0.01631116688,0.02264600715
1998-02-01,162,171.9,0.01440200376,0.02260559191
1998-03-01,162,172.2,0.01376720901,0.02256532067
1998-04-01,162.2,172.5,0.01438398999,0.02131438721
1998-05-01,162.6,172.9,0.01688555347,0.02186761229
1998-06-01,162.8,173.2,0.01622971286,0.02243211334
1998-07-01,163.2,173.5,0.0174563591,0.02239245728
1998-08-01,163.4,174,0.01616915423,0.02473498233
1998-09-01,163.5,174.2,0.01426799007,0.02350176263
1998-10-01,163.9,174.4,0.01486068111,0.02227432591
1998-11-01,164.1,174.8,0.01484230056,0.02341920375
1998-12-01,164.4,175.4,0.01606922126,0.02453271028
1999-01-01,164.7,175.6,0.01666666667,0.02331002331
1999-02-01,164.7,175.6,0.01666666667,0.02152414194
1999-03-01,164.8,175.7,0.01728395062,0.02032520325
1999-04-01,165.9,176.3,0.02281134402,0.02202898551
1999-05-01,166,176.5,0.0209102091,0.02082128398
1999-06-01,166,176.6,0.01965601966,0.01963048499
1999-07-01,166.7,177.1,0.02144607843,0.02074927954
1999-08-01,167.1,177.3,0.02264381885,0.01896551724
1999-09-01,167.8,177.8,0.02629969419,0.02066590126
1999-10-01,168.1,178.1,0.02562538133,0.02121559633
1999-11-01,168.4,178.4,0.02620353443,0.02059496568
1999-12-01,168.8,178.7,0.02676399027,0.01881413911
2000-01-01,169.3,179.3,0.02792956891,0.02107061503
2000-02-01,170,179.4,0.0321797207,0.02164009112
2000-03-01,171,180,0.03762135922,0.02447353443
2000-04-01,170.9,180.3,0.03013863773,0.02268859898
2000-05-01,171.2,180.7,0.0313253012,0.02379603399
2000-06-01,172.2,181.1,0.03734939759,0.0254813137
2000-07-01,172.7,181.5,0.03599280144,0.0248447205
2000-08-01,172.7,181.9,0.03351286655,0.02594472645
2000-09-01,173.6,182.3,0.03456495828,0.02530933633
2000-10-01,173.9,182.6,0.03450327186,0.0252667041
2000-11-01,174.2,183.1,0.03444180523,0.02634529148
2000-12-01,174.6,183.3,0.03436018957,0.02574146614
2001-01-01,175.6,183.9,0.03721204962,0.02565532627
2001-02-01,176,184.4,0.03529411765,0.02787068004
2001-03-01,176.1,184.7,0.0298245614,0.02611111111
2001-04-01,176.4,185.1,0.0321825629,0.02662229617
2001-05-01,177.3,185.3,0.03563084112,0.02545655783
2001-06-01,177.7,186,0.03193960511,0.02705687465
2001-07-01,177.4,186.4,0.02721482339,0.02699724518
2001-08-01,177.4,186.7,0.02721482339,0.02638812534
2001-09-01,178.1,187.1,0.02592165899,0.0263302249
2001-10-01,177.6,187.4,0.02127659574,0.02628696605
2001-11-01,177.5,188.1,0.01894374282,0.02730748225
2001-12-01,177.4,188.4,0.01603665521,0.02782324059
2002-01-01,177.7,188.7,0.01195899772,0.02610114192
2002-02-01,178,189.1,0.01136363636,0.02548806941
2002-03-01,178.5,189.2,0.0136286201,0.02436383324
2002-04-01,179.3,189.7,0.0164399093,0.02485143166
2002-05-01,179.5,190,0.01240834743,0.02536427415
2002-06-01,179.6,190.2,0.01069217783,0.02258064516
2002-07-01,180,190.5,0.01465614431,0.02199570815
2002-08-01,180.5,191.1,0.0174746336,0.02356722014
2002-09-01,180.8,191.3,0.01516002246,0.02244788883
2002-10-01,181.2,191.5,0.02027027027,0.02187833511
2002-11-01,181.5,191.9,0.02253521127,0.0202020202
2002-12-01,181.8,192.1,0.02480270575,0.01963906582
2003-01-01,182.6,192.4,0.02757456387,0.01960784314
2003-02-01,183.6,192.5,0.03146067416,0.01797990481
2003-03-01,183.9,192.5,0.03025210084,0.01744186047
2003-04-01,183.2,192.5,0.02175125488,0.0147601476
2003-05-01,182.9,192.9,0.01894150418,0.01526315789
2003-06-01,183.1,193,0.01948775056,0.01472134595
2003-07-01,183.7,193.4,0.02055555556,0.01522309711
2003-08-01,184.5,193.6,0.02216066482,0.01308215594
2003-09-01,185.1,193.7,0.02378318584,0.01254573968
2003-10-01,184.9,194,0.02041942605,0.01305483029
2003-11-01,185,194,0.01928374656,0.01094319958
2003-12-01,185.5,194.2,0.0203520352,0.01093180635
2004-01-01,186.3,194.6,0.02026286966,0.01143451143
2004-02-01,186.7,194.9,0.01688453159,0.01246753247
2004-03-01,187.1,195.5,0.01740076128,0.01558441558
2004-04-01,187.4,195.9,0.02292576419,0.01766233766
2004-05-01,188.2,196.2,0.02897758338,0.01710730949
2004-06-01,188.9,196.6,0.03167667941,0.01865284974
2004-07-01,189.1,196.8,0.02939575395,0.01758014478
2004-08-01,189.2,196.9,0.02547425474,0.01704545455
2004-09-01,189.8,197.5,0.02539168017,0.01961796593
2004-10-01,190.8,197.9,0.03190914008,0.02010309278
2004-11-01,191.7,198.3,0.03621621622,0.02216494845
2004-12-01,191.7,198.6,0.03342318059,0.02265705458
2005-01-01,191.6,199,0.02844873859,0.02261048304
2005-02-01,192.4,199.4,0.03053026245,0.02308876347
2005-03-01,193.1,200.1,0.03206841261,0.02352941176
2005-04-01,193.7,200.2,0.03361792956,0.02194997448
2005-05-01,193.6,200.5,0.02869287991,0.02191641182
2005-06-01,193.7,200.6,0.02541026998,0.02034587996
2005-07-01,194.9,200.9,0.03067160233,0.02083333333
2005-08-01,196.1,201.1,0.03646934461,0.02133062468
2005-09-01,198.8,201.3,0.04741833509,0.01924050633
2005-10-01,199.1,202,0.04350104822,0.02071753411
2005-11-01,198.1,202.5,0.03338549817,0.02118003026
2005-12-01,198.1,202.8,0.03338549817,0.02114803625
2006-01-01,199.3,203.2,0.04018789144,0.02110552764
2006-02-01,199.4,203.6,0.03638253638,0.02106318957
2006-03-01,199.7,204.3,0.03417918177,0.02098950525
2006-04-01,200.7,204.8,0.03613835829,0.02297702298
2006-05-01,201.3,205.4,0.03977272727,0.02443890274
2006-06-01,201.8,205.9,0.04181724316,0.02642073779
2006-07-01,202.9,206.3,0.04104669061,0.0268790443
2006-08-01,203.8,206.8,0.03926568078,0.02834410741
2006-09-01,202.8,207.2,0.02012072435,0.02930948833
2006-10-01,201.9,207.6,0.01406328478,0.02772277228
2006-11-01,202,207.8,0.01968702675,0.02617283951
2006-12-01,203.1,208.1,0.02523977789,0.02613412229
2007-01-01,203.437,208.6,0.02075765178,0.02657480315
2007-02-01,204.226,209.135,0.02420260782,0.02718565815
2007-03-01,205.288,209.418,0.02798197296,0.02505139501
2007-04-01,205.904,209.747,0.02592924763,0.02415527344
2007-05-01,206.755,210.058,0.02709885743,0.02267770204
2007-06-01,207.234,210.392,0.02692765114,0.02181641574
2007-07-01,207.603,210.773,0.02317890586,0.02168201648
2007-08-01,207.667,211.119,0.01897448479,0.02088491296
2007-09-01,208.547,211.554,0.0283382643,0.02101351351
2007-10-01,209.19,212.077,0.03610698366,0.0215655106
2007-11-01,210.834,212.66,0.04373267327,0.02338787295
2007-12-01,211.445,213.168,0.04108813392,0.02435367612
2008-01-01,212.174,213.771,0.04294695655,0.02478906999
2008-02-01,212.687,213.939,0.04142959271,0.02297080833
2008-03-01,213.448,214.42,0.0397490355,0.02388524387
2008-04-01,213.942,214.56,0.03903760976,0.02294669292
2008-05-01,215.208,214.936,0.04088413823,0.02322215769
2008-06-01,217.463,215.424,0.04935966106,0.02391725921
2008-07-01,219.016,215.965,0.05497512078,0.02463313612
2008-08-01,218.69,216.393,0.05308017162,0.02498117176
2008-09-01,218.877,216.713,0.04953319875,0.02438620872
2008-10-01,216.995,216.788,0.0373105789,0.02221362996
2008-11-01,213.153,216.947,0.01099917471,0.02015893915
2008-12-01,211.398,216.925,-0.0002222800255,0.01762459656
2009-01-01,211.933,217.346,-0.00113586019,0.01672350319
2009-02-01,212.705,217.792,0.00008463140672,0.01800980653
2009-03-01,212.495,218.253,-0.004464787677,0.01787613096
2009-04-01,212.709,218.706,-0.005763244244,0.01932326622
2009-05-01,213.022,218.904,-0.01015761496,0.01846130941
2009-06-01,214.79,219.112,-0.01229174618,0.01711972668
2009-07-01,214.726,219.263,-0.01958761004,0.01527099298
2009-08-01,215.445,219.496,-0.01483835566,0.01433965054
2009-09-01,215.861,219.92,-0.01377942863,0.01479837389
2009-10-01,216.509,220.501,-0.002239682942,0.01712733177
2009-11-01,217.234,220.666,0.01914587174,0.01714243571
2009-12-01,217.347,220.881,0.02814123123,0.01823671776
2010-01-01,217.488,220.633,0.02621111389,0.01512335171
2010-02-01,217.281,220.731,0.02151336358,0.01349452689
2010-03-01,217.353,220.783,0.02286171439,0.01159205143
2010-04-01,217.403,220.822,0.02206770753,0.009675088932
2010-05-01,217.29,220.962,0.02003548929,0.009401381427
2010-06-01,217.199,221.194,0.01121560594,0.00950198985
2010-07-01,217.605,221.363,0.0134077848,0.009577539302
2010-08-01,217.923,221.509,0.0115017754,0.00917100995
2010-09-01,218.275,221.711,0.01118312247,0.008143870498
2010-10-01,219.035,221.83,0.01166695149,0.00602718355
2010-11-01,219.59,222.149,0.01084544777,0.00672056411
2010-12-01,220.472,222.343,0.01437793022,0.006618948665
2011-01-01,221.187,222.803,0.01700783492,0.009835337416
2011-02-01,221.898,223.213,0.02124898173,0.01124445592
2011-03-01,223.046,223.454,0.0261924151,0.01209785174
2011-04-01,224.093,223.727,0.03077234445,0.01315539213
2011-05-01,224.806,224.175,0.03458971881,0.01454096179
2011-06-01,224.806,224.697,0.03502318151,0.01583677677
2011-07-01,225.395,225.218,0.03579880977,0.01741483446
2011-08-01,226.106,225.862,0.03754996031,0.01965157172
2011-09-01,226.597,226.118,0.03812621693,0.01987722756
2011-10-01,226.75,226.506,0.03522268131,0.0210792048
2011-11-01,227.169,226.899,0.03451432215,0.02138204538
2011-12-01,227.223,227.405,0.03062066838,0.02276662634
2012-01-01,227.842,227.877,0.03008766338,0.02277348151
2012-02-01,228.329,228.034,0.02898178442,0.02159820441
2012-03-01,228.807,228.478,0.02582875281,0.02248337465
2012-04-01,229.187,228.905,0.02273163374,0.02314427852
2012-05-01,228.713,229.224,0.01737942937,0.0225225828
2012-06-01,228.524,229.623,0.01653870448,0.02192285611
2012-07-01,228.59,229.97,0.0141751148,0.02109955687
2012-08-01,229.918,230.233,0.01685934915,0.01935252499
2012-09-01,231.015,230.659,0.01949716898,0.02008243483
2012-10-01,231.638,231.024,0.0215567806,0.01994649148
2012-11-01,231.249,231.33,0.01796019703,0.01952851269
2012-12-01,231.221,231.725,0.0175950498,0.01899694378
2013-01-01,231.679,232.229,0.01684061762,0.01909802218
2013-02-01,232.937,232.569,0.0201814049,0.01988738521
2013-03-01,232.282,232.794,0.01518747241,0.01889022138
2013-04-01,231.797,232.832,0.01138808048,0.01715558856
2013-05-01,231.893,232.996,0.01390388828,0.01645551949
2013-06-01,232.445,233.35,0.01715793527,0.01623095247
2013-07-01,232.9,233.88,0.01885471805,0.01700221768
2013-08-01,233.456,234.336,0.01538809489,0.01782107691
2013-09-01,233.544,234.7,0.01094734108,0.01751936842
2013-10-01,233.669,234.921,0.008767991435,0.01686837731
2013-11-01,234.1,235.359,0.01232870196,0.01741667747
2013-12-01,234.719,235.759,0.01512838367,0.01740856619
2014-01-01,235.288,235.961,0.01557758796,0.01607034436
2014-02-01,235.547,236.185,0.01120474635,0.0155480739
2014-03-01,236.028,236.625,0.01612694914,0.01645660971
2014-04-01,236.468,237.072,0.02015125304,0.01821055525
2014-05-01,236.918,237.529,0.02166947687,0.01945526962
2014-06-01,237.231,237.837,0.02058981695,0.01922862653
2014-07-01,237.498,238.195,0.0197423787,0.01844963229
2014-08-01,237.46,238.405,0.01715098348,0.01736395603
2014-09-01,237.477,238.786,0.01684050971,0.01740945888
2014-10-01,237.43,239.191,0.01609541702,0.0181763231
2014-11-01,236.983,239.458,0.01231524989,0.01741594755
2014-12-01,236.252,239.584,0.00653121392,0.01622419505
2015-01-01,234.747,239.811,-0.002299309782,0.01631625565
2015-02-01,235.342,240.172,-0.0008703146294,0.01688083494
2015-03-01,235.976,240.755,-0.0002203128442,0.01745377707
2015-04-01,236.222,241.346,-0.001040309894,0.01802827833
2015-05-01,237.001,241.688,0.0003503321824,0.01750944095
2015-06-01,237.657,242.064,0.001795718098,0.01777267624
2015-07-01,238.034,242.565,0.00225686111,0.01834631289
2015-08-01,238.033,242.817,0.002413037985,0.01850632327
2015-09-01,237.498,243.316,0.00008842961634,0.01897096145
2015-10-01,237.733,243.768,0.001276165607,0.01913533536
2015-11-01,238.017,244.241,0.004363182169,0.01997427524
2015-12-01,237.761,244.547,0.006387247515,0.02071507279
2016-01-01,237.652,244.955,0.01237502503,0.02145022539
2016-02-01,237.336,245.51,0.00847277579,0.02222573822
2016-03-01,238.08,245.913,0.008916160966,0.02142426949
2016-04-01,238.992,246.551,0.0117262575,0.02156654761
2016-05-01,239.557,247.137,0.01078476462,0.02254559597
2016-06-01,240.222,247.54,0.01079286535,0.02262211647
2016-07-01,240.101,247.829,0.008683633431,0.02170139962
2016-08-01,240.545,248.423,0.0105531586,0.02308734561
2016-09-01,241.176,248.842,0.0154864462,0.02271120683
2016-10-01,241.741,249.142,0.01685924966,0.02204555151
2016-11-01,242.026,249.481,0.01684333472,0.0214542194
2016-12-01,242.637,249.92,0.02050798912,0.02197123661
2017-01-01,243.618,250.467,0.02510393348,0.02250209222
2017-02-01,244.006,250.998,0.02810361681,0.02235346829
2017-03-01,243.892,250.944,0.02441196237,0.02045845482
2017-04-01,244.193,251.227,0.02176223472,0.01896565011
2017-05-01,244.004,251.43,0.01856343167,0.01737093191
2017-06-01,244.163,251.746,0.0164056581,0.01699119334
2017-07-01,244.243,251.985,0.01725107351,0.01676962744
2017-08-01,245.183,252.535,0.01928121557,0.01655241262
2017-09-01,246.435,252.812,0.0218056523,0.01595389846
2017-10-01,246.626,253.526,0.02020757753,0.01759639081
2017-11-01,247.284,253.816,0.02172493864,0.01737607273
2017-12-01,247.805,254.344,0.0212993072,0.01770166453
2018-01-01,248.859,255.204,0.02151318868,0.01891267113
2018-02-01,249.529,255.711,0.02263468931,0.01877704205
2018-03-01,249.577,256.271,0.02330949765,0.02122784366
2018-04-01,250.227,256.63,0.02470996302,0.02150644636
2018-05-01,250.792,257.145,0.02781921608,0.02272998449
2018-06-01,251.018,257.399,0.02807550694,0.02245517307
2018-07-01,251.214,257.699,0.02854124786,0.02267595293
2018-08-01,251.663,257.891,0.02642923857,0.02120894133
2018-09-01,252.182,258.368,0.02332055106,0.0219768049
2018-10-01,252.772,258.917,0.0249203247,0.02126409126
2018-11-01,252.594,259.439,0.02147328578,0.02215384373
2018-12-01,252.767,260.063,0.02002380904,0.02248529551
2019-01-01,252.561,260.766,0.01487589358,0.02179432924
2019-02-01,253.319,261.186,0.01518861535,0.02141088964
2019-03-01,254.277,261.567,0.01883186351,0.0206656235
2019-04-01,255.233,261.997,0.0200058347,0.02091337724
2019-05-01,255.296,262.217,0.01795910555,0.01972428008
2019-06-01,255.213,262.739,0.01671194894,0.02074600134
2019-07-01,255.802,263.28,0.01826331335,0.0216570495
2019-08-01,256.036,263.877,0.01737641211,0.02321135674
2019-09-01,256.43,264.388,0.01684497704,0.02330009908
2019-10-01,257.155,264.97,0.017339737,0.02337814821
2019-11-01,257.879,265.548,0.02092290395,0.02354696094
2019-12-01,258.63,266.02,0.0231952747,0.02290598816
2020-01-01,259.127,266.716,0.02599767977,0.02281739184
2020-02-01,259.25,267.37,0.0234131668,0.0236766136
2020-03-01,258.076,267.054,0.01494039964,0.02097741688
2020-04-01,256.032,265.746,0.00313047294,0.01430932415
2020-05-01,255.802,265.412,0.001982013036,0.01218456469
2020-06-01,257.042,265.849,0.007166562832,0.01183684188
2020-07-01,258.352,267.389,0.009968647626,0.01560695837
2020-08-01,259.316,268.422,0.0128106985,0.01722393388
2020-09-01,259.997,268.933,0.01391022891,0.01719064405
2020-10-01,260.319,269.306,0.01230386343,0.01636411669
2020-11-01,260.911,269.981,0.01175745214,0.01669378041
2020-12-01,262.045,270.341,0.01320419132,0.01624313961
2021-01-01,262.639,270.416,0.01355319978,0.0138724336
2021-02-01,263.573,270.776,0.01667502411,0.01273890115
2021-03-01,264.847,271.453,0.02623645748,0.01647232395
2021-04-01,266.625,273.626,0.04137373453,0.02965237482
2021-05-01,268.404,275.457,0.04926466564,0.03784681928
2021-06-01,270.71,277.608,0.05317418943,0.04423187599
2021-07-01,271.965,278.639,0.05269167647,0.04207353332
2021-08-01,272.752,279.021,0.05181323173,0.03948633122
2021-09-01,273.942,279.727,0.05363523425,0.04013639085
2021-10-01,276.528,281.649,0.06226591221,0.04583262163
2021-11-01,278.824,283.411,0.0686555952,0.04974424126
2021-12-01,280.806,285.221,0.07159457345,0.05504159561
2022-01-01,282.542,286.799,0.07578082463,0.06058443287
2022-02-01,284.525,288.256,0.07949220899,0.0645552043
2022-03-01,287.467,289.044,0.08540780149,0.06480311509
2022-04-01,288.582,290.474,0.08235161744,0.06157309612
2022-05-01,291.299,292.039,0.08530051713,0.06019814345
2022-06-01,295.072,294.009,0.08999298142,0.05907970952
2022-07-01,294.94,295.08,0.08447778207,0.05900466195
2022-08-01,295.162,296.582,0.0821625506,0.06293791507
2022-09-01,296.421,298.281,0.08205751582,0.06632895645
2022-10-01,297.979,299.381,0.07757261471,0.06295779499
2022-11-01,298.708,300.316,0.07131380369,0.05964835522
2022-12-01,298.808,301.433,0.06410831677,0.05684013449
2023-01-01,300.456,302.685,0.0634029631,0.05539070917
2023-02-01,301.476,304.097,0.05957648713,0.05495462367
2023-03-01,301.643,305.123,0.04931348642,0.05562820885
2023-04-01,302.858,306.49,0.04946947488,0.05513746497
2023-05-01,303.316,307.623,0.04125314539,0.0533627358
2023-06-01,304.099,308.291,0.03059253335,0.04857674425
2023-07-01,304.615,308.959,0.03280328202,0.04703470245
2023-08-01,306.138,309.646,0.03718635868,0.04404852621
2023-09-01,307.374,310.616,0.03695082332,0.04135362293
2023-10-01,307.653,311.433,0.03246537508,0.0402563957
2023-11-01,308.087,312.373,0.03139855645,0.04014771108
2023-12-01,308.735,313.23,0.03322200209,0.03913639184
2024-01-01,309.794,314.389,0.03107942594,0.03866726134
2024-02-01,311.022,315.555,0.03166421208,0.03767876697
2024-03-01,312.107,316.762,0.03469001435,0.03814527256
2024-04-01,313.016,317.596,0.03354047111,0.03623609253
2024-05-01,313.14,318.053,0.03238866397,0.03390513713
2024-06-01,313.131,318.343,0.029700854,0.03260555774
2024-07-01,313.566,318.933,0.02938463306,0.0322826006
2024-08-01,314.131,319.839,0.02610914032,0.03291823566
2024-09-01,314.851,320.835,0.02432541464,0.03289914235
2024-10-01,315.564,321.688,0.02571403497,0.03292843083
2024-11-01,316.449,322.619,0.027141684,0.03280053014
2024-12-01,317.603,323.296,0.02872366269,0.03213613
2025-01-01,319.086,324.739,0.02999412513,0.03292099914
2025-02-01,319.775,325.475,0.02814270373,0.03143667506
2025-03-01,319.615,325.659,0.02405585264,0.02808733371
2025-04-01,320.321,326.43,0.02333746518,0.02781521178
2025-05-01,320.58,326.854,0.02375934087,0.02767148871
2025-06-01,321.5,327.6,0.02672683318,0.02907869813
2025-07-01,322.132,328.656,0.02731801279,0.03048602685
2025-08-01,323.364,329.793,0.02939219625,0.03112190821
2025-09-01,324.368,330.542,0.03022699626,0.03025542724